"canonical_id";"ppt_original";"slides";"nombre";"tipo_canonic";"ciudad";"zona_direccion";"mapa_url";"lat";"lng";"media";"estado_notas"
"mza-gm-01";"01";"3-5";"Columna Acc. Sur casi R. Peña (cara Sur / cara Norte)";"Tradicional, monocolumna";"Mendoza";"Acceso Sur / R. Peña";"https://maps.app.goo.gl/hoXBQT7xCbpXhvxW8";"NULL";"NULL";"Imágenes sí; video no";"Dos caras; mismo mapa para ambas caras"
"mza-gm-02";"02";"6-8";"Top Site Panamericana casi rotonda fte a Chango Más (ambas caras)";"Tradicional, monocolumna";"Mendoza";"Panamericana / Godoy Cruz";"https://maps.app.goo.gl/TDo3iZyJykrSfZyMA";"NULL";"NULL";"Imágenes sí; video no";"Dos caras; nombre repetido en slides técnicas"
"mza-gm-03";"03";"9-10";"Columna Corredor del Oeste casi Palmares Valley (cara Norte / cara Sur)";"Tradicional, monocolumna";"Mendoza";"Corredor del Oeste / Palmares Valley";"https://maps.app.goo.gl/aykdux5KmGktw6G36";"NULL";"NULL";"Imágenes sí; video no";"Dos caras"
"mza-gm-04";"04";"11-12";"Columna Carril Nacional y Tirasso (cara Sur / cara Norte)";"Tradicional, monocolumna";"Mendoza";"Carril Nacional / Tirasso";"https://maps.app.goo.gl/x3LtEodMDbSZB7z49";"NULL";"NULL";"Imágenes sí; video no";"Dos caras"
"mza-gm-05";"05";"13-14";"Columna Acc. Norte - Aeropuerto (cara Norte / cara Sur)";"Tradicional, monocolumna";"Mendoza";"Acceso Norte / Aeropuerto";"https://maps.app.goo.gl/nXgWqWuXrY3AeUqh8";"NULL";"NULL";"Imágenes sí; video no";"Dos caras"
"mza-gm-06";"06";"15";"Top Site Salida Aeropuerto hacia Ciudad – Acceso Norte";"Tradicional, monocolumna";"Mendoza";"Salida Aeropuerto / Acceso Norte";"https://maps.app.goo.gl/5sih7TgpQCL8pkES8";"NULL";"NULL";"Imágenes sí; video no";"Un solo soporte"
"mza-gm-07";"07";"16";"Top Site llegando a Aeropuerto – Acceso Norte";"Tradicional, monocolumna";"Mendoza";"Acceso Norte / Aeropuerto";"https://maps.app.goo.gl/5sih7TgpQCL8pkES8";"NULL";"NULL";"Imágenes sí; video no";"Un solo soporte"
"mza-gm-08";"08";"17-19";"Columna San Martín Sur y Panamericana (cara Sur / cara Norte)";"Tradicional, monocolumna";"Mendoza";"San Martín Sur / Panamericana";"https://maps.app.goo.gl/TDo3iZyJykrSfZyMA";"NULL";"NULL";"Imágenes sí; video no";"Dos caras; una slide técnica muestra CARAS incompleto"
"mza-gm-09";"09";"20-22";"Columna Acc. Este y Acc. Sur (cara Este / cara Oeste)";"Tradicional, monocolumna";"Mendoza";"Acceso Este / Acceso Sur";"https://maps.app.goo.gl/pZUVjbinXdCR4AUP9";"NULL";"NULL";"Imágenes sí; video no";"Dos caras"
"mza-gm-10";"10";"23-24";"Sobre techo Acceso Norte y Rotonda del Avión";"Tradicional, sobretecho";"Mendoza";"Acceso Norte / Rotonda del Avión";"https://maps.app.goo.gl/5MBzjZgJ15r7p2ha7";"NULL";"NULL";"Imágenes sí; video no";"Un solo soporte"
"mza-gm-11";"11";"25-26";"Corredor del Oeste, De Volea Pádel – Godoy Cruz";"Tradicional, monocolumna";"Mendoza";"Corredor del Oeste / Godoy Cruz";"https://maps.app.goo.gl/Nb9eedRdQiXwnM1B6";"NULL";"NULL";"Imágenes sí; video no";"Un solo soporte"
"mza-ext-01";"01";"28";"4x4 Lat. Panamericana casi YPF - Luján";"Tradicional, 4x4";"Mendoza";"Panamericana / Luján";"https://maps.app.goo.gl/qWcz6Z8amXJx9vXQ8";"NULL";"NULL";"Imágenes sí; video no";"Soporte extra fuera del bloque principal"
"mza-ext-02";"02";"29-31";"Supersextuple Panamericana y Antártida Argentina – Luján de Cuyo";"Tradicional, superséxtuple";"Mendoza";"Panamericana / Antártida Argentina";"https://maps.app.goo.gl/ErdJcjPW9BRvVC719";"NULL";"NULL";"Imágenes sí; video no";"Mismo soporte en más de una slide"
"mza-ext-03";"03";"32";"Boedo entre Terrada y Rotonda Acc. Sur – Luján de Cuyo";"Tradicional, superséxtuple";"Mendoza";"Boedo / Terrada / Rotonda Acc. Sur";"https://maps.app.goo.gl/wbedJvgbzY3fLtFMA";"NULL";"NULL";"Imágenes sí; video no";"Descripción larga; no hay address estructurada"
"mza-ext-04";"04";"33";"Terrada";"Tradicional, superséxtuple";"Mendoza";"Terrada";"https://maps.app.goo.gl/wbedJvgbzY3fLtFMA";"NULL";"NULL";"Imágenes sí; video no";"Mismo mapa base del soporte anterior"
"mza-ext-05";"05";"34";"Ruta 60 y Ozamis, Maipú";"Tradicional, rutero";"Mendoza";"Ruta 60 / Ozamis / Maipú";"https://maps.app.goo.gl/1ACB8fQ5oCPZpcVr8";"NULL";"NULL";"Imágenes sí; video no";"Un solo soporte"
"mza-led-01";"01";"36-37";"Pantalla Led Acceso Este y Dorrego – Ingreso a la Ciudad de Mendoza";"Pantalla LED";"Mendoza";"Acceso Este / Dorrego";"sin mapa explícito";"NULL";"NULL";"Imágenes sí; video no";"Slide técnico agrega resolución 576 x 336 y medidas 9 x 6,4"
"mza-led-02";"02";"38-39";"Ruta Panamericana y Pueyrredón – Luján de Cuyo";"Pantalla LED";"Mendoza";"Panamericana / Pueyrredón";"https://maps.app.goo.gl/PmZp6A5vKDB1X29w5";"NULL";"NULL";"Imágenes sí; video no";"Slide técnico agrega medidas 7 x 4"
"mza-mov-01";"LED MOVIL";"40-41";"Camión LED / LED Móvil";"LED móvil / servicio";"Mendoza";"Recorrido Gran Mendoza";"no existe";"NULL";"NULL";"Imágenes sí; video no";"No es soporte estático; es pauta móvil con recorrido y horarios"
